VertragID,Mieter,Einheit,Objekt,Miete,Nebenkosten,Kaution,Vertragsbeginn,Vertragsende,Status,Telefon,Email
V-001,Vaida Pastarnokaite,Café (Erdgeschoss),Waldhofstraße 76,2050.00,0.00,4100.00,2024-01-01,,Aktiv,+49 621 987654,vaida.pastarnokaite@email.de
V-002,Prajwal Chiradoni,1. OG Wohnung,Waldhofstraße 76,1300.00,0.00,2600.00,2023-08-01,,Aktiv,+49 621 876543,prajwal.chiradoni@email.de
V-003,Mohamad Rizki Nurdena,3. OG Links,Waldhofstraße 76,445.00,0.00,890.00,2023-12-01,,Aktiv,+49 621 765432,mohamad.nurdena@email.de
V-004,Naser Alsoliman,1. OG Mitte,Waldhofstraße 76,620.00,0.00,1240.00,2023-10-01,,Aktiv,+49 621 654321,naser.alsoliman@email.de
V-005,Andreas Reimer,2. OG Rechts,Waldhofstraße 76,440.00,0.00,880.00,2022-06-01,,Aktiv,+49 621 543210,andreas.reimer@email.de
V-006,Gilles Peuziat,2. OG Links (WG-Zimmer),Waldhofstraße 76,440.00,0.00,880.00,2025-05-01,,Aktiv,+49 621 432109,gilles.peuziat@email.de
V-007,Angile Ahmad,4. Stock,Waldhofstraße 76,735.00,0.00,1470.00,2023-03-01,,Aktiv,+49 621 321098,angile.ahmad@email.de
V-008,Daniel Gungor,Dachgeschoss,Waldhofstraße 76,465.00,0.00,930.00,2024-02-01,,Aktiv,+49 621 210987,daniel.gungor@email.de

